id,name,tags,updated_at
11111,Prospect_Email_GH_NAVI_PERKS,["Prospect","Prospect/Triggered","Prospect/Triggered/Lead Gen","Prospect/Triggered/NAVI","Reporting/Concession","Reporting/Onboarding"],2018-05-13
22222,CRM_GH_Retention_Challenge_v2_Intro_Resend,["Reporting/Concession","Retention/Triggered","Retention/Triggered/Retention Challenge"],2018-05-13
33333,CRM_GH_20200128_Campus_FreeDelivery,["Campus","Campus/Adhoc","Reporting/GH+ Exclusion"],2018-05-13
44444,CRM_GH_20200127_Campus_ToolkitLoyolaUniversity - Maryland,["Campus","Campus/Adhoc","Campus/Adhoc/Tapingo","Reporting/Adhoc Month/January 2020","Reporting/Concession"],2018-05-13
55555,CRM_GH_TreatReceipt_v9_Active,["Reporting/Concession","Retention/Triggered","Retention/Triggered/Treat Receipt"],2018-05-13
66666,Prospect_GH_InterruptedSession_v2_iOS,["Prospect/Triggered/Interrupted Session"],2018-05-13
77777,Prospect_GH_AbandonedCart_v2_iOS,["Prospect/Triggered/Abandoned Cart"],2018-05-13
