external_user_id,email_address,event_name,canvas_id,campaign_id,canvas_name,campaign_name,dt,brand
1,lindakyan@gmail.com,users.messages.email.Send,,1111,,CRM_SL_Daily_NewCard2_V9_Active,2018-05-29,grubhub
2,kim.sparacino@gmail.com,users.messages.email.Send,,2222,,CRM_SL_Daily_NewCard3_V9_Active,2018-05-29,grubhub
3,farhajoyce@gmail.com,users.messages.email.Delivery,,3333,,CRM_SL_Treat_V7_Active,2018-05-29,grubhub
4,anthony688@aol.com,users.messages.email.Send,4444,,CRM_SL_Daily_OCB_V9_Active,,2018-05-29,seamless
5,lyndjacanal6@gmail.com,users.messages.email.Send,5555,,CRM_SL_Daily_NewCard3_V9_Active,,2018-05-29,grubhub
6,kerry@dooney.com,users.messages.email.Delivery,6666,,CRM_SL_Daily_NewCard3_V9_Active,,2018-05-29,seamless
7,dvturner@hotmail.com,users.messages.email.Send,7777,,CRM_SL_NewRestos_V9_Active,,2018-05-29,grubhub
8,hulu940401@gmail.com,users.messages.email.Delivery,,8888,,CRM_SL_Daily_NewCard1_V9_Active,2018-05-29,seamless
9,nwisse16@gmail.com,users.messages.email.Send,,9999,,CRM_SL_Daily_NewCard1_V9_Active,2018-05-29,seamless
10,cvoegels@gmail.com,users.messages.email.Delivery,,0000,,CRM_SL_RTP_v3_Active,2018-05-29,grubhub
