diner_uuid,diner_email,diner_brand,lifetime_total_orders,first_order_date_ct,last_order_date_ct,first_order_date_utc,last_order_date_utc,as_of_date
1,lindakyan@gmail.com,grubhub,1,2018-05-01,2019-06-02,2018-05-01,2019-06-02,2019-05-13
2,kim.sparacino@gmail.com,grubhub,10,2018-05-01,2019-05-21,2018-05-01,2019-05-21,2019-05-13
3,farhajoyce@gmail.com,grubhub,21,2018-05-01,2020-03-27,2018-05-01,2020-03-27,2019-05-13
4,anthony688@aol.com,seamless,2,2018-05-01,2019-05-02,2018-05-01,2019-05-02,2019-05-13
5,lyndjacanal6@gmail.com,grubhub,5,2018-05-01,2019-05-20,2018-05-01,2019-05-20,2019-05-13
6,kerry@dooney.com,seamless,1,2018-05-01,2019-05-30,2018-05-01,2019-05-30,2019-05-13
7,dvturner@hotmail.com,grubhub,1,2018-05-01,2019-05-07,2018-05-01,2019-05-07,2019-05-13
8,hulu940401@gmail.com,seamless,3,2018-05-01,2019-12-29,2018-05-01,2019-12-29,2019-05-13
9,nwisse16@gmail.com,seamless,20,2018-05-01,2019-05-20,2018-05-01,2019-05-20,2019-05-13
10,cvoegels@gmail.com,grubhub,1,2018-05-01,2019-05-09,2018-05-01,2019-05-09,2019-05-13
10,cvoegels@gmail.com,grubhub,0,2018-05-01,2019-05-09,2018-05-01,2019-05-09,2019-05-01
