postal_code,cbsa_name,modified_cbsa_name
54934,Oshkosh-Neenah WI,Oshkosh-Neenah WI
38147,Memphis TN-MS-AR,Memphis TN-MS-AR
53268,Milwaukee-Waukesha-West Allis WI,Milwaukee-Waukesha-West Allis WI
11819,New York-Newark-Jersey City NY-NJ-PA,New York CBSA Excluding Manhattan
68120,Omaha-Council Bluffs NE-IA,Omaha-Council Bluffs NE-IA
03107,Manchester-Nashua NH,Manchester-Nashua NH
55562,Minneapolis-St. Paul-Bloomington MN-WI,Minneapolis-St. Paul-Bloomington MN-WI
06920,Bridgeport-Stamford-Norwalk CT,Bridgeport-Stamford-Norwalk CT
55171,Minneapolis-St. Paul-Bloomington MN-WI,Minneapolis-St. Paul-Bloomington MN-WI
09075,,AE- No CBSA
