diner_brand,start_of_month,diner_uuid,bucket,diner_email,raw_order_brand
grubhub,2018-05-01,1,A,lindakyan@gmail.com,grubhub
grubhub,2018-05-01,2,B,kim.sparacino@gmail.com,grubhub
grubhub,2018-05-01,3,C,farhajoyce@gmail.com,grubhub
seamless,2018-05-01,4,A,anthony688@aol.com,seamless
grubhub,2018-05-01,5,B,lyndjacanal6@gmail.com,grubhub
seamless,2018-05-01,6,C,kerry@dooney.com,seamless
grubhub,2018-05-01,7,A,dvturner@hotmail.com,grubhub
seamless,2018-05-01,8,B,hulu940401@gmail.com,seamless
seamless,2018-05-01,9,C,nwisse16@gmail.com,seamless
grubhub,2018-05-01,10,C,cvoegels@gmail.com,grubhub
